<!--
  ~ Copyright (c) 2001-2010, TIBCO Software Inc.
  ~ Use, modification, and distribution subject to terms of license.
  -->
<serialization xmlns="urn:tibco.com/v3.0">
  <name><![CDATA[H1 Heading]]></name>
  <icon><![CDATA[images/prototypes/h1.gif]]></icon>
  <description><![CDATA[An HTML H1 tag]]></description>
  <object type="jsx3.gui.Block">
    <variants jsxrelativeposition="1" jsxoverflow="3"/>
    <strings jsxname="h1" jsxtagname="h1" jsxtext="Heading 1"/>
  </object>
</serialization>
