<!--
  ~ Copyright (c) 2001-2010, TIBCO Software Inc.
  ~ Use, modification, and distribution subject to terms of license.
  -->
<serialization xmlns="urn:tibco.com/v3.0">
  <name><![CDATA[H3 Heading]]></name>
  <icon><![CDATA[images/prototypes/h3.gif]]></icon>
  <description><![CDATA[An HTML H3 tag]]></description>
  <object type="jsx3.gui.Block">
    <variants jsxrelativeposition="1" jsxoverflow="3"/>
    <strings jsxname="h3" jsxtagname="h3" jsxtext="Heading 3"/>
  </object>
</serialization>
