<!--
  ~ Copyright (c) 2001-2010, TIBCO Software Inc.
  ~ Use, modification, and distribution subject to terms of license.
  -->
<serialization xmlns="urn:tibco.com/v3.0">
  <name><![CDATA[H4 Heading]]></name>
  <icon><![CDATA[images/prototypes/h4.gif]]></icon>
  <description><![CDATA[An HTML H4 tag]]></description>
  <object type="jsx3.gui.Block">
    <variants jsxrelativeposition="1" jsxoverflow="3"/>
    <strings jsxname="h4" jsxtagname="h4" jsxtext="Heading 4"/>
  </object>
</serialization>
