<!--
  ~ Copyright (c) 2001-2010, TIBCO Software Inc.
  ~ Use, modification, and distribution subject to terms of license.
  -->
<serialization xmlns="urn:tibco.com/v3.0">
  <name><![CDATA[Label]]></name>
  <icon><![CDATA[images/prototypes/block-text.gif]]></icon>
  <description><![CDATA[Block object with Text/HTML property.]]></description>
  <object type="jsx3.gui.Block">
    <variants jsxrelativeposition="1" jsxoverflow="3"/>
    <strings jsxname="label" jsxtext="[label]"/>
  </object>
</serialization>
