<?xml version="1.0" ?>
<!--
  ~ Copyright (c) 2001-2010, TIBCO Software Inc.
  ~ Use, modification, and distribution subject to terms of license.
  -->
<serialization xmlns="urn:tibco.com/v3.0">
  <name><![CDATA[Text - HTML]]></name>
  <icon><![CDATA[images/prototypes/matrix-column.gif]]></icon>
  <description><![CDATA[This column renders the value of the column's path attribute as rendered HTML.]]></description>
  <object type="jsx3.gui.Column">
    <variants jsxwidth="200"/>
    <strings jsxname="column (html)" jsxtext="HTML" jsxpath="@jsxtext" jsxxsl="&lt;xsl:value-of disable-output-escaping=&quot;yes&quot; select=&quot;@path@&quot; /&gt;&amp;#160;"/>
  </object>
</serialization>
