<!--
  ~ Copyright (c) 2001-2010, TIBCO Software Inc.
  ~ Use, modification, and distribution subject to terms of license.
  -->
<serialization xmlns="urn:tibco.com/v3.0">
  <name><![CDATA[Date]]></name>
  <icon><![CDATA[images/prototypes/matrix-column.gif]]></icon>
  <description><![CDATA[Renders a date according to a configurable date format. The data model can store the
    dates as epoch seconds or a string format recognized by the JavaScript Date.parse() method. Supported format
    handlers include "@date", "@date,short", "@date,medium", "@date,long", and "@date,full".]]></description>
  <object type="jsx3.gui.Matrix.Column">
    <dynamics jsxborder="@Outset" jsxbg="@Bevel TopDown" jsxbgcolor="@Solid Disabled"/>
    <strings jsxname="dateColumn" jsxwidth="100" jsxtext="Date"
        jsxpadding="2" jsxcellpadding="2" jsxpath="date" jsxformathandler="@date"
        jsxvaluetemplate="@empty"/>
  </object>
</serialization>
