<!--
  ~ Copyright (c) 2001-2010, TIBCO Software Inc.
  ~ Use, modification, and distribution subject to terms of license.
  -->
<serialization xmlns="urn:tibco.com/v3.0">
  <name><![CDATA[Image]]></name>
  <icon><![CDATA[images/prototypes/matrix-column.gif]]></icon>
  <description><![CDATA[A column that renders an HTML image. Path is relative to the project.]]></description>
  <object type="jsx3.gui.Matrix.Column">
    <dynamics jsxborder="@Outset" jsxbg="@Bevel TopDown" jsxbgcolor="@Solid Disabled"/>
    <strings jsxname="imageColumn" jsxwidth="20" jsxtext="Image" jsxvaluetemplate="@image"
        jsxpadding="3" jsxcellpadding="1" jsxpath="jsximg"/>
  </object>
</serialization>
