<!--
  ~ Copyright (c) 2001-2010, TIBCO Software Inc.
  ~ Use, modification, and distribution subject to terms of license.
  -->
<serialization xmlns="urn:tibco.com/v3.0">
  <name><![CDATA[Button - Native]]></name>
  <icon><![CDATA[images/prototypes/matrix-columnmask.gif]]></icon>
  <description><![CDATA[Renders a clickable button in each row of a column using the jsx3.gui.NativeButton class.
    In the EXECUTE event, the CDF record id is available with this.emGetSession().recordId. Honors the @jsxdisabled
    and @jsxnomask CDF attributes.]]></description>
  <object type="jsx3.gui.Matrix.Column">
    <dynamics jsxborder="@Outset" jsxbg="@Bevel TopDown" jsxbgcolor="@Solid Disabled"/>
    <strings jsxname="buttonColumn" jsxwidth="100" jsxtext="Button"
        jsxpadding="3" jsxcellpadding="1" jsxvaluetemplate="@empty"/>
    <object type="jsx3.gui.NativeButton">
      <strings jsxname="buttonMask" jsxvalue="Execute"/>
      <variants jsxheight="18"/>
      <events jsxexecute="jsx3.log('Clicked on button mask in row ' + this.emGetSession().recordId + '.');"/>
    </object>
  </object>
</serialization>
