<!--
  ~ Copyright (c) 2001-2010, TIBCO Software Inc.
  ~ Use, modification, and distribution subject to terms of license.
  -->
<serialization xmlns="urn:tibco.com/v3.0">
  <name><![CDATA[Text - HTML]]></name>
  <icon><![CDATA[images/prototypes/matrix-column.gif]]></icon>
  <description><![CDATA[Renders as HTML. Uses format handler @unescape
    (for Firefox) and value template @unescape (for IE).]]></description>
  <object type="jsx3.gui.Matrix.Column">
    <dynamics jsxborder="@Outset" jsxbg="@Bevel TopDown" jsxbgcolor="@Solid Disabled"/>
    <strings jsxname="htmlColumn" jsxwidth="100" jsxtext="HTML" jsxvaluetemplate="@unescape"
        jsxpadding="2" jsxcellpadding="2" jsxpath="jsxtext" jsxformathandler="@unescape"/>
  </object>
</serialization>
