<!--
  ~ Copyright (c) 2001-2010, TIBCO Software Inc.
  ~ Use, modification, and distribution subject to terms of license.
  -->
<serialization xmlns="urn:tibco.com/v3.0">
  <name><![CDATA[Text - Number]]></name>
  <icon><![CDATA[images/prototypes/matrix-column.gif]]></icon>
  <description><![CDATA[Formats a number. One of:
    "@number", "@number,integer", "@number,percent", and "@number,currency".]]></description>
  <object type="jsx3.gui.Matrix.Column">
    <dynamics jsxborder="@Outset" jsxbg="@Bevel TopDown" jsxbgcolor="@Solid Disabled"/>
    <strings jsxname="numberColumn" jsxwidth="100" jsxtext="Number" jsxvaluetemplate="@empty"
        jsxpadding="2" jsxcellpadding="2" jsxpath="jsxtext" jsxformathandler="@number,integer"/>
  </object>
</serialization>
