<serialization xmlns="urn:tibco.com/v3.0" jsxversion="3.5">
  <name><![CDATA[Table]]></name>
  <icon><![CDATA[images/prototypes/table.gif]]></icon>
  <description><![CDATA[Pre-built table control.]]></description>
  <object type="jsx3.gui.Table">
    <variants jsxheaderheight="29" jsxselectionmodel="1" jsxfontsize="10" jsxxmlasync="1"/>
    <strings jsxname="table" jsxcolumnprofile="&lt;data jsxid=&quot;jsxroot&quot;&gt;     &lt;record jsxid=&quot;a5&quot; jsxwidth=&quot;100&quot; jsxtext=&quot;&amp;lt;div style='padding:8px;border-right:solid 1px gray;border-bottom:solid 1px gray;white-space:nowrap;'&amp;gt;Col 1&amp;lt;/div&amp;gt;&quot; jsxpath=&quot;jsxtext&quot;/&gt;&lt;record jsxid=&quot;a1&quot; jsxwidth=&quot;25%&quot; jsxtext=&quot;&amp;lt;div style='padding:8px;border-right:solid 1px gray;border-bottom:solid 1px gray;white-space:nowrap;'&amp;gt;Col 2&amp;lt;/div&amp;gt;&quot; jsxpath=&quot;jsxtext&quot;/&gt;                               &lt;record jsxid=&quot;a7&quot; jsxwidth=&quot;100&quot; jsxtext=&quot;&amp;lt;div style='padding:8px;border-right:solid 1px gray;border-bottom:solid 1px gray;white-space:nowrap;'&amp;gt;Col 3&amp;lt;/div&amp;gt;&quot; jsxpath=&quot;jsxtext&quot;/&gt;     &lt;record jsxid=&quot;a8&quot; jsxwidth=&quot;20%&quot; jsxtext=&quot;&amp;lt;div style='padding:8px;border-right:solid 1px gray;border-bottom:solid 1px gray;white-space:nowrap;'&amp;gt;Col 4&amp;lt;/div&amp;gt;&quot; jsxpath=&quot;jsxtext&quot;/&gt;     &lt;record jsxid=&quot;a9&quot; jsxwidth=&quot;100&quot; jsxtext=&quot;&amp;lt;div style='padding:8px;border-right:solid 1px gray;border-bottom:solid 1px gray;white-space:nowrap;'&amp;gt;Col 5&amp;lt;/div&amp;gt;&quot; jsxpath=&quot;jsxtext&quot;/&gt;     &lt;record jsxid=&quot;a10&quot; jsxwidth=&quot;80&quot; jsxtext=&quot;&amp;lt;div style='padding:8px;border-right:solid 1px gray;border-bottom:solid 1px gray;white-space:nowrap;'&amp;gt;Col 6&amp;lt;/div&amp;gt;&quot; jsxpath=&quot;jsxtext&quot;/&gt;                                                                                                                                                                                                                                                                                                                                                                                                                                                                 &lt;/data&gt;" jsxcellstyle="border-right:solid 1px gray;border-bottom:solid 1px gray;padding:4px;padding-bottom:3px;cursor:default;word-wrap:break-word;" jsxheaderstyle="background-color:#dfdfff;" jsxfontweight="normal" jsxbgcolor="#fafaff" jsxfontname="Verdana" jsxcolor="#232743" jsxpadding="12" jsxborder="solid 1px gray" jsxtextalign="right" jsxxml="&lt;data jsxid=&quot;jsxroot&quot;&gt; &lt;record jsxid=&quot;1&quot; jsxtext=&quot;Afghanistan&quot;/&gt; &lt;record jsxid=&quot;2&quot; jsxtext=&quot;Albania&quot;/&gt; &lt;record jsxid=&quot;3&quot; jsxtext=&quot;Algeria&quot;/&gt; &lt;record jsxid=&quot;4&quot; jsxtext=&quot;American Samoa&quot;/&gt; &lt;record jsxid=&quot;5&quot; jsxtext=&quot;Andorra&quot;/&gt; &lt;record jsxid=&quot;6&quot; jsxtext=&quot;Angola&quot;/&gt; &lt;record jsxid=&quot;7&quot; jsxtext=&quot;Anguilla&quot;/&gt; &lt;record jsxid=&quot;8&quot; jsxtext=&quot;Antarctica&quot;/&gt; &lt;record jsxid=&quot;9&quot; jsxtext=&quot;Antigua and Barbuda&quot;/&gt; &lt;record jsxid=&quot;10&quot; jsxtext=&quot;Argentina&quot;/&gt; &lt;/data&gt;" jsxrowstyle="background-color:#fafaff;" jsxaltrowstyle="background-color:#efefff;"/>
    <dynamics jsxbg="@Bevel TopDown"/>
    <events jsxselect="jsx3.log('The target record that was just clicked is ' + this.getSelectedIds());" jsxchange="jsx3.log('The selected records are ' + this.getSelectedIds());" jsxexecute="jsx3.log('The table was executed on record: ' + strRECORDID + '. The selected rows are ' + this.getSelectedIds());"/>
  </object>
</serialization>