<!--
  ~ Copyright (c) 2001-2010, TIBCO Software Inc.
  ~ Use, modification, and distribution subject to terms of license.
  -->
<serialization xmlns="urn:tibco.com/v3.0">
  <name><![CDATA[BlockX]]></name>
  <icon><![CDATA[images/prototypes/blockX.gif]]></icon>
  <description><![CDATA[A simple BlockX control with a prefilled XML string.  Content is generated by an XML/XSL merge.]]></description>
  <object type="jsx3.gui.BlockX">
    <dynamics jsxbgcolor="@Solid Light" jsxpadding="@8Pixel"/>
    <variants jsxrelativeposition="0" jsxleft="10" jsxtop="10" jsxwidth="100" jsxheight="100" jsxxmlasync="1" jsxxslasync="1"/>
    <strings jsxname="blockX" jsxxml="&lt;helloworld&gt;&lt;/helloworld&gt;"/>
  </object>
</serialization>
