<!--
  ~ Copyright (c) 2001-2010, TIBCO Software Inc.
  ~ Use, modification, and distribution subject to terms of license.
  -->
<serialization xmlns="urn:tibco.com/v3.0">
  <name><![CDATA[Image]]></name>
  <icon><![CDATA[images/prototypes/block-image.gif]]></icon>
  <description><![CDATA[Block object with src attribute set to reference an image.  Overflow is set to expand.]]></description>
  <object type="jsx3.gui.Image">
    <variants jsxoverflow="2" jsxrelativeposition="1"/>
    <strings jsxname="image" jsxsrc="jsx:///images/icons/logo_234_18.gif"/>
  </object>
</serialization>
