<!--
  ~ Copyright (c) 2001-2010, TIBCO Software Inc.
  ~ Use, modification, and distribution subject to terms of license.
  -->
<serialization xmlns="urn:tibco.com/v3.0">
  <name><![CDATA[Button]]></name>
  <icon><![CDATA[images/prototypes/button.gif]]></icon>
  <description><![CDATA[A jsx3.gui.Button object.]]></description>
  <object type="jsx3.gui.Button">
    <variants jsxindex="0" jsxheight="18"/>
    <strings jsxname="button" jsxtext="[button text]" jsxmargin="0 4 0 0"/>
    <events jsxexecute="alert('hello');"/>
  </object>
</serialization>