<!--
  ~ Copyright (c) 2001-2010, TIBCO Software Inc.
  ~ Use, modification, and distribution subject to terms of license.
  -->
<serialization xmlns="urn:tibco.com/v3.0">
  <name><![CDATA[Select - Combo]]></name>
  <icon><![CDATA[images/prototypes/combo.gif]]></icon>
  <description><![CDATA[Combo/Select box.  Allows the user to enter text manually or move through the list of options with typeahead.]]></description>
  <object type="jsx3.gui.Select">
    <variants jsxwidth="150" jsxheight="18" jsxtype="1" jsxxmlasync="1"/>
    <strings jsxname="combo" jsxvalue="a" jsxxmlurl="jsx:///xml/sample.xml" jsxmargin="0 4 0 0"/>
  </object>
</serialization>