<!--
  ~ Copyright (c) 2001-2010, TIBCO Software Inc.
  ~ Use, modification, and distribution subject to terms of license.
  -->
<serialization xmlns="urn:tibco.com/v3.0">
  <name><![CDATA[File Upload]]></name>
  <icon><![CDATA[images/prototypes/fileupload.gif]]></icon>
  <description><![CDATA[A jsx3.gui.NativeFileUpload object.]]></description>
  <object type="jsx3.gui.NativeFileUpload">
    <variants jsxindex="0"/>
    <strings jsxname="file1" jsxmargin="0 4 0 0"/>
    <events jsxchange="jsx3.log('Value changed to: ' + this.getValue());"/>
  </object>
</serialization>