<!--
  ~ Copyright (c) 2001-2010, TIBCO Software Inc.
  ~ Use, modification, and distribution subject to terms of license.
  -->
<serialization xmlns="urn:tibco.com/v3.0">
  <name><![CDATA[Field Set Legend]]></name>
  <icon><![CDATA[images/prototypes/legend.gif]]></icon>
  <description><![CDATA[A native HTML legend tag]]></description>
  <object type="jsx3.gui.Block">
    <variants jsxrelativeposition="1" jsxoverflow="3"/>
    <strings jsxname="formLegend" jsxtagname="legend" jsxtext="[label]"/>
  </object>
</serialization>
