<!--
  ~ Copyright (c) 2001-2010, TIBCO Software Inc.
  ~ Use, modification, and distribution subject to terms of license.
  -->
<serialization xmlns="urn:tibco.com/v3.0">
  <name><![CDATA[Button - Native]]></name>
  <icon><![CDATA[images/prototypes/nativebutton.gif]]></icon>
  <description><![CDATA[A jsx3.gui.NativeButton object.]]></description>
  <object type="jsx3.gui.NativeButton">
    <variants jsxindex="0"/>
    <strings jsxname="button" jsxvalue="[button text]" jsxmargin="0 4 0 0"/>
    <events jsxexecute="alert('hello');"/>
  </object>
</serialization>