<!--
  ~ Copyright (c) 2001-2010, TIBCO Software Inc.
  ~ Use, modification, and distribution subject to terms of license.
  -->
<serialization xmlns="urn:tibco.com/v3.0">
  <name><![CDATA[Number Input]]></name>
  <icon><![CDATA[images/prototypes/numberinput.gif]]></icon>
  <description><![CDATA[Number input object.]]></description>
  <object type="jsx3.gui.NumberInput">
    <dynamics jsxformat="@Number"/>
    <variants jsxheight="18"/>
    <strings jsxname="numberinput" jsxmargin="0 4 0 0"/>
  </object>
</serialization>