<!--
  ~ Copyright (c) 2001-2010, TIBCO Software Inc.
  ~ Use, modification, and distribution subject to terms of license.
  -->
<serialization xmlns="urn:tibco.com/v3.0">
  <name><![CDATA[Text Box - Password]]></name>
  <icon><![CDATA[images/prototypes/textbox-password.gif]]></icon>
  <description><![CDATA[Password textbox.]]></description>
  <object type="jsx3.gui.TextBox">
    <variants jsxtype="2" jsxheight="18"/>
    <strings jsxname="password" jsxmargin="0 4 0 0"/>
  </object>
</serialization>