<!--
  ~ Copyright (c) 2001-2010, TIBCO Software Inc.
  ~ Use, modification, and distribution subject to terms of license.
  -->
<serialization xmlns="urn:tibco.com/v3.0">
  <name><![CDATA[Time Picker]]></name>
  <icon><![CDATA[images/prototypes/timepicker.gif]]></icon>
  <description><![CDATA[Time picker object.]]></description>
  <object type="jsx3.gui.TimePicker">
    <dynamics/>
    <variants jsxrelativeposition="1" jsxheight="18" jsxhours="0" jsxminutes="0" jsxseconds="0" jsxmillis="0"/>
    <strings jsxname="timePicker" jsxmargin="0 4 0 0"/>
  </object>
</serialization>