<?xml version="1.0"?>
<!--
  ~ Copyright (c) 2001-2010, TIBCO Software Inc.
  ~ Use, modification, and distribution subject to terms of license.
  -->
<data jsxid="jsxroot">
<record jsxid="A0905F" jsxtext="color"/><record jsxid="B0904F" jsxtext="color"/><record jsxid="C0903F" jsxtext="color"/><record jsxid="D0902F" jsxtext="color"/><record jsxid="E0901F" jsxtext="color"/><record jsxid="F0900F" jsxtext="color"/><record jsxid="00A0FF" jsxtext="color"/><record jsxid="10A0EF" jsxtext="color"/><record jsxid="20A0DF" jsxtext="color"/><record jsxid="30A0CF" jsxtext="color"/><record jsxid="40A0BF" jsxtext="color"/><record jsxid="50A0AF" jsxtext="color"/><record jsxid="60A09F" jsxtext="color"/><record jsxid="70A08F" jsxtext="color"/><record jsxid="80A07F" jsxtext="color"/><record jsxid="90A06F" jsxtext="color"/><record jsxid="A0A05F" jsxtext="color"/><record jsxid="B0A04F" jsxtext="color"/><record jsxid="C0A03F" jsxtext="color"/><record jsxid="D0A02F" jsxtext="color"/><record jsxid="E0A01F" jsxtext="color"/><record jsxid="F0A00F" jsxtext="color"/><record jsxid="00B0FF" jsxtext="color"/><record jsxid="10B0EF" jsxtext="color"/><record jsxid="20B0DF" jsxtext="color"/><record jsxid="30B0CF" jsxtext="color"/><record jsxid="40B0BF" jsxtext="color"/><record jsxid="50B0AF" jsxtext="color"/><record jsxid="60B09F" jsxtext="color"/><record jsxid="70B08F" jsxtext="color"/><record jsxid="80B07F" jsxtext="color"/><record jsxid="90B06F" jsxtext="color"/><record jsxid="A0B05F" jsxtext="color"/><record jsxid="B0B04F" jsxtext="color"/><record jsxid="C0B03F" jsxtext="color"/><record jsxid="D0B02F" jsxtext="color"/><record jsxid="E0B01F" jsxtext="color"/><record jsxid="F0B00F" jsxtext="color"/><record jsxid="00C0FF" jsxtext="color"/><record jsxid="10C0EF" jsxtext="color"/><record jsxid="20C0DF" jsxtext="color"/><record jsxid="30C0CF" jsxtext="color"/><record jsxid="40C0BF" jsxtext="color"/><record jsxid="50C0AF" jsxtext="color"/><record jsxid="60C09F" jsxtext="color"/><record jsxid="70C08F" jsxtext="color"/><record jsxid="80C07F" jsxtext="color"/><record jsxid="90C06F" jsxtext="color"/><record jsxid="A0C05F" jsxtext="color"/><record jsxid="B0C04F" jsxtext="color"/><record jsxid="C0C03F" jsxtext="color"/><record jsxid="D0C02F" jsxtext="color"/><record jsxid="E0C01F" jsxtext="color"/><record jsxid="F0C00F" jsxtext="color"/>
</data>
