<?xml version="1.0"?>
<!--
  ~ Copyright (c) 2001-2010, TIBCO Software Inc.
  ~ Use, modification, and distribution subject to terms of license.
  -->
<data jsxid="jsxroot">
  <record jsxid="a" jsxtext="a" jsximg=""/>
  <record jsxid="b" jsxtext="ab&quot;" jsximg=""/>
  <record jsxid="c" jsxtext="abc" jsximg=""/>
  <record jsxid="d" jsxtext="abcd" jsximg=""/>
  <record jsxid="a1" jsxtext="abcde" jsximg=""/>
  <record jsxid="b1" jsxtext="abcdef" jsximg=""/>
  <record jsxid="c1" jsxtext="abcdefg" jsximg=""/>
  <record jsxid="d1" jsxtext="abcdefgh" jsximg=""/>
  <record jsxid="a2" jsxtext="abcdefghi" jsximg=""/>
  <record jsxid="b2" jsxtext="abcdefghij" jsximg=""/>
  <record jsxid="c2" jsxtext="abcdefghijk" jsximg=""/>
  <record jsxid="d2" jsxtext="abcdefghijkl" jsximg=""/>
  <record jsxid="a3" jsxtext="abcdefghijklm" jsximg=""/>
  <record jsxid="b3" jsxtext="abcdefghijklmn" jsximg=""/>
</data>
