<!--
  ~ Copyright (c) 2001-2010, TIBCO Software Inc.
  ~ Use, modification, and distribution subject to terms of license.
  -->
<serialization xmlns="urn:tibco.com/v3.0">
  <name><![CDATA[Layout - Top/Over]]></name>
  <icon><![CDATA[images/prototypes/layout-over.gif]]></icon>
  <description><![CDATA[2 top-over-bottom panes in an adaptive layout grid.]]></description>
  <object type="jsx3.gui.LayoutGrid">
    <variants jsxrelativeposition="0" jsxleft="0" jsxtop="0" jsxoverflow="2"/>
    <strings jsxname="layoutRows" jsxrows="100,*" jsxwidth="100%" jsxheight="100%"/>
    <object type="jsx3.gui.Block">
      <dynamics jsxborder="@Outset"/>
      <variants jsxoverflow="2"/>
      <strings jsxname="pane1" jsxwidth="100%" jsxheight="100%"/>
    </object>
    <object type="jsx3.gui.Block">
      <dynamics jsxborder="@Outset"/>
      <variants jsxoverflow="1"/>
      <strings jsxname="pane2" jsxwidth="100%" jsxheight="100%"/>
    </object>
  </object>
</serialization>
