<!--
  ~ Copyright (c) 2001-2010, TIBCO Software Inc.
  ~ Use, modification, and distribution subject to terms of license.
  -->
<serialization xmlns="urn:tibco.com/v3.0">
  <name><![CDATA[Splitter - H]]></name>
  <icon><![CDATA[images/prototypes/splitter-over.gif]]></icon>
  <description><![CDATA[Splitter (top/bottom panes)]]></description>
  <object type="jsx3.gui.Splitter">
    <variants jsxorientation="1" jsxleft="0" jsxtop="0"/>
    <strings jsxname="splitterH" jsxsubcontainer1pct="50%"/>
    <object type="jsx3.gui.Block">
      <dynamics jsxborder="@Inset"/>
      <variants jsxoverflow="1"/>
      <strings jsxname="paneTop" jsxwidth="100%" jsxheight="100%"/>
    </object>
    <object type="jsx3.gui.Block">
      <dynamics jsxborder="@Inset"/>
      <variants jsxoverflow="1"/>
      <strings jsxname="paneBottom" jsxwidth="100%" jsxheight="100%"/>
    </object>
  </object>
</serialization>
