<!--
  ~ Copyright (c) 2001-2010, TIBCO Software Inc.
  ~ Use, modification, and distribution subject to terms of license.
  -->
<serialization xmlns="urn:tibco.com/v3.0">
  <name><![CDATA[Tabbed Pane]]></name>
  <icon><![CDATA[images/prototypes/tabbedpane.gif]]></icon>
  <description><![CDATA[Tabbed pane with three Tab children.]]></description>
  <object type="jsx3.gui.TabbedPane">
    <variants selectedIndex="2" jsxselectedindex="0"/>
    <strings jsxname="tabbedpane" jsxtextalign="0"/>
    <object type="jsx3.gui.Tab">
      <variants jsxheight="20"/>
      <strings jsxname="tab1" jsxtext="Tab 1" jsxbgcolor="#e8e8f5"/>
      <object type="jsx3.gui.Block">
        <dynamics jsxbgcolor="@Solid Medium"/>
        <variants jsxoverflow="2" jsxrelativeposition="0" jsxleft="0" jsxtop="0"/>
        <strings jsxname="pane" jsxwidth="100%" jsxheight="100%"/>
      </object>
    </object>
    <object type="jsx3.gui.Tab">
      <variants jsxheight="18"/>
      <strings jsxname="tab2" jsxtext="Tab 2" jsxbgcolor="#d8d8e5"/>
      <object type="jsx3.gui.Block">
        <dynamics jsxbgcolor="@Solid Medium"/>
        <variants jsxoverflow="2" jsxrelativeposition="0" jsxleft="0" jsxtop="0" jsxloadtype="4"/>
        <strings jsxname="pane" jsxwidth="100%" jsxheight="100%" jsxdisplay="none"/>
      </object>
    </object>
    <object type="jsx3.gui.Tab">
      <variants jsxheight="18"/>
      <strings jsxname="tab3" jsxtext="Tab 3" jsxbgcolor="#d8d8e5"/>
      <object type="jsx3.gui.Block">
        <dynamics jsxbgcolor="@Solid Medium"/>
        <variants jsxoverflow="2" jsxrelativeposition="0" jsxleft="0" jsxtop="0" jsxloadtype="4"/>
        <strings jsxname="pane" jsxwidth="100%" jsxheight="100%" jsxdisplay="none"/>
      </object>
    </object>
  </object>
</serialization>
